ai_band,n_tasks,avg_hours,avg_rework,avg_outcome,avg_profit,avg_margin,median_margin,avg_margin_capped,loss_rate
0-20%,778,13.28769472423776,0.19070477265139862,69.0184811827957,230.24027519035582,0.05964330362801922,0.20981264094179058,0.08170138969987908,0.3097686375321337
20-40%,1069,13.750189822102989,0.21789200226408134,68.73379746835442,308.3839307533071,0.10269598034511264,0.2701617148086065,0.13924277372658933,0.2637979420018709
40-60%,812,12.668026132827224,0.2604453443438972,69.48441025641026,466.14539974134277,0.24629644201599957,0.3529701734885034,0.24972254636372376,0.21305418719211822
60-80%,350,10.790405045478451,0.3217621884330373,68.12305135951661,458.44131258583405,0.2654232698546286,0.39343291653031665,0.28683883784836584,0.16285714285714287
80-100%,48,10.937291666666667,0.36222596517419964,64.38787234042553,718.4614600481749,0.287653297055698,0.4896296581104544,0.30304491044927223,0.14583333333333334
