ai_band,n,loss_rate
0-20%,778,0.3097686375321337
20-40%,1069,0.2637979420018709
40-60%,812,0.21305418719211822
60-80%,350,0.16285714285714287
80-100%,48,0.14583333333333334
