ai_band,actual_loss_rate,loss_rate_using_0_20_pricing_mix,pricing_mix_gap
0-20%,0.3097686375321337,0.30976863753213363,5.551115123125783e-17
20-40%,0.2637979420018709,0.2598378916193449,0.003960050382526004
40-60%,0.21305418719211822,0.21042421929148686,0.002629967900631358
60-80%,0.16285714285714287,0.15800954577222162,0.004847597084921246
80-100%,0.14583333333333334,0.14844835856877525,-0.002615025235441909
