ai_band,n,avg_rework,pct_rework_above_30,pct_rework_above_50,avg_outcome
0-20%,778,0.19070477265139862,0.14524421593830333,0.056555269922879174,69.0184811827957
20-40%,1069,0.21789200226408134,0.20860617399438727,0.07857811038353602,68.73379746835442
40-60%,812,0.2604453443438972,0.2697044334975369,0.1145320197044335,69.48441025641026
60-80%,350,0.3217621884330373,0.3942857142857143,0.18285714285714286,68.12305135951661
80-100%,48,0.36222596517419964,0.4791666666666667,0.20833333333333334,64.38787234042553
